1st Round Bye,Make PlayOffs,Teams,Week,Win Division,Win Super Bowl
100%,100%,Philadelphia,Today,100%,100%
100%,100%,New England,Today,100%,0%
0%,100%,Minnesota,Today,100%,0%
0%,100%,Jacksonville,Today,100%,0%
0%,100%,Atlanta,Today,0%,0%
0%,100%,Pittsburgh,Today,0%,0%
0%,100%,New Orleans,Today,0%,0%
0%,100%,Tennessee,Today,0%,0%
0%,0%,Kansas City,Today,0%,0%
0%,0%,Carolina,Today,0%,0%
0%,0%,L.A. Rams,Today,0%,0%
0%,0%,Buffalo,Today,0%,0%
0%,0%,Dallas,Today,0%,0%
0%,0%,Seattle,Today,0%,0%
0%,0%,L.A. Chargers,Today,0%,0%
0%,0%,Baltimore,Today,0%,0%
0%,0%,Detroit,Today,0%,0%
0%,0%,Arizona,Today,0%,0%
0%,0%,Cincinnati,Today,0%,0%
0%,0%,Green Bay,Today,0%,0%
0%,0%,Washington,Today,0%,0%
0%,0%,Tampa Bay,Today,0%,0%
0%,0%,San Francisco,Today,0%,0%
0%,0%,Oakland,Today,0%,0%
0%,0%,Denver,Today,0%,0%
0%,0%,Miami,Today,0%,0%
0%,0%,Chicago,Today,0%,0%
0%,0%,N.Y. Jets,Today,0%,0%
0%,0%,N.Y. Giants,Today,0%,0%
0%,0%,Indianapolis,Today,0%,0%
0%,0%,Houston,Today,0%,0%
0%,0%,Cleveland,Today,0%,0%
100%,100%,New England,Jan. 21 (before Super Bowl),100%,58%
100%,100%,Philadelphia,Jan. 21 (before Super Bowl),100%,42%
0%,100%,Minnesota,Jan. 21 (before Super Bowl),100%,0%
0%,100%,Jacksonville,Jan. 21 (before Super Bowl),100%,0%
0%,100%,Atlanta,Jan. 21 (before Super Bowl),0%,0%
0%,100%,Pittsburgh,Jan. 21 (before Super Bowl),0%,0%
0%,100%,New Orleans,Jan. 21 (before Super Bowl),0%,0%
0%,100%,Tennessee,Jan. 21 (before Super Bowl),0%,0%
0%,0%,Kansas City,Jan. 21 (before Super Bowl),0%,0%
0%,0%,Carolina,Jan. 21 (before Super Bowl),0%,0%
0%,0%,L.A. Rams,Jan. 21 (before Super Bowl),0%,0%
0%,0%,Buffalo,Jan. 21 (before Super Bowl),0%,0%
0%,0%,Dallas,Jan. 21 (before Super Bowl),0%,0%
0%,0%,Seattle,Jan. 21 (before Super Bowl),0%,0%
0%,0%,L.A. Chargers,Jan. 21 (before Super Bowl),0%,0%
0%,0%,Baltimore,Jan. 21 (before Super Bowl),0%,0%
0%,0%,Detroit,Jan. 21 (before Super Bowl),0%,0%
0%,0%,Arizona,Jan. 21 (before Super Bowl),0%,0%
0%,0%,Cincinnati,Jan. 21 (before Super Bowl),0%,0%
0%,0%,Green Bay,Jan. 21 (before Super Bowl),0%,0%
0%,0%,Washington,Jan. 21 (before Super Bowl),0%,0%
0%,0%,Tampa Bay,Jan. 21 (before Super Bowl),0%,0%
0%,0%,San Francisco,Jan. 21 (before Super Bowl),0%,0%
0%,0%,Oakland,Jan. 21 (before Super Bowl),0%,0%
0%,0%,Denver,Jan. 21 (before Super Bowl),0%,0%
0%,0%,Miami,Jan. 21 (before Super Bowl),0%,0%
0%,0%,Chicago,Jan. 21 (before Super Bowl),0%,0%
0%,0%,N.Y. Jets,Jan. 21 (before Super Bowl),0%,0%
0%,0%,N.Y. Giants,Jan. 21 (before Super Bowl),0%,0%
0%,0%,Indianapolis,Jan. 21 (before Super Bowl),0%,0%
0%,0%,Houston,Jan. 21 (before Super Bowl),0%,0%
0%,0%,Cleveland,Jan. 21 (before Super Bowl),0%,0%
81%,100%,New England,Jan. 14 (before conference),100%,44%
57%,100%,Philadelphia,Jan. 14 (before conference),100%,25%
43%,100%,Minnesota,Jan. 14 (before conference),100%,25%
19%,100%,Jacksonville,Jan. 14 (before conference),100%,6%
0%,100%,Atlanta,Jan. 14 (before conference),0%,0%
0%,100%,Pittsburgh,Jan. 14 (before conference),0%,0%
0%,100%,New Orleans,Jan. 14 (before conference),0%,0%
0%,100%,Tennessee,Jan. 14 (before conference),0%,0%
0%,0%,Kansas City,Jan. 14 (before conference),0%,0%
0%,0%,Carolina,Jan. 14 (before conference),0%,0%
0%,0%,L.A. Rams,Jan. 14 (before conference),0%,0%
0%,0%,Buffalo,Jan. 14 (before conference),0%,0%
0%,0%,Dallas,Jan. 14 (before conference),0%,0%
0%,0%,Seattle,Jan. 14 (before conference),0%,0%
0%,0%,L.A. Chargers,Jan. 14 (before conference),0%,0%
0%,0%,Baltimore,Jan. 14 (before conference),0%,0%
0%,0%,Detroit,Jan. 14 (before conference),0%,0%
0%,0%,Arizona,Jan. 14 (before conference),0%,0%
0%,0%,Cincinnati,Jan. 14 (before conference),0%,0%
0%,0%,Green Bay,Jan. 14 (before conference),0%,0%
0%,0%,Washington,Jan. 14 (before conference),0%,0%
0%,0%,Tampa Bay,Jan. 14 (before conference),0%,0%
0%,0%,San Francisco,Jan. 14 (before conference),0%,0%
0%,0%,Oakland,Jan. 14 (before conference),0%,0%
0%,0%,Denver,Jan. 14 (before conference),0%,0%
0%,0%,Miami,Jan. 14 (before conference),0%,0%
0%,0%,Chicago,Jan. 14 (before conference),0%,0%
0%,0%,N.Y. Jets,Jan. 14 (before conference),0%,0%
0%,0%,N.Y. Giants,Jan. 14 (before conference),0%,0%
0%,0%,Indianapolis,Jan. 14 (before conference),0%,0%
0%,0%,Houston,Jan. 14 (before conference),0%,0%
0%,0%,Cleveland,Jan. 14 (before conference),0%,0%
60%,100%,New England,Jan. 7 (before division),85%,34%
32%,100%,Minnesota,Jan. 7 (before division),63%,18%
33%,100%,Philadelphia,Jan. 7 (before division),57%,15%
29%,100%,Pittsburgh,Jan. 7 (before division),76%,14%
18%,100%,Atlanta,Jan. 7 (before division),43%,9%
17%,100%,New Orleans,Jan. 7 (before division),37%,8%
6%,100%,Jacksonville,Jan. 7 (before division),24%,2%
4%,100%,Tennessee,Jan. 7 (before division),15%,1%
0%,0%,Kansas City,Jan. 7 (before division),0%,0%
0%,0%,Carolina,Jan. 7 (before division),0%,0%
0%,0%,L.A. Rams,Jan. 7 (before division),0%,0%
0%,0%,Buffalo,Jan. 7 (before division),0%,0%
0%,0%,Dallas,Jan. 7 (before division),0%,0%
0%,0%,Seattle,Jan. 7 (before division),0%,0%
0%,0%,L.A. Chargers,Jan. 7 (before division),0%,0%
0%,0%,Baltimore,Jan. 7 (before division),0%,0%
0%,0%,Detroit,Jan. 7 (before division),0%,0%
0%,0%,Arizona,Jan. 7 (before division),0%,0%
0%,0%,Cincinnati,Jan. 7 (before division),0%,0%
0%,0%,Green Bay,Jan. 7 (before division),0%,0%
0%,0%,Washington,Jan. 7 (before division),0%,0%
0%,0%,Tampa Bay,Jan. 7 (before division),0%,0%
0%,0%,San Francisco,Jan. 7 (before division),0%,0%
0%,0%,Oakland,Jan. 7 (before division),0%,0%
0%,0%,Denver,Jan. 7 (before division),0%,0%
0%,0%,Miami,Jan. 7 (before division),0%,0%
0%,0%,Chicago,Jan. 7 (before division),0%,0%
0%,0%,N.Y. Jets,Jan. 7 (before division),0%,0%
0%,0%,N.Y. Giants,Jan. 7 (before division),0%,0%
0%,0%,Indianapolis,Jan. 7 (before division),0%,0%
0%,0%,Houston,Jan. 7 (before division),0%,0%
0%,0%,Cleveland,Jan. 7 (before division),0%,0%
55%,100%,New England,Dec. 31 (before playoffs),78%,31%
33%,100%,Minnesota,Dec. 31 (before playoffs),67%,19%
35%,100%,Philadelphia,Dec. 31 (before playoffs),59%,15%
28%,100%,Pittsburgh,Dec. 31 (before playoffs),72%,14%
11%,65%,New Orleans,Dec. 31 (before playoffs),25%,5%
9%,51%,Atlanta,Dec. 31 (before playoffs),22%,4%
9%,75%,Kansas City,Dec. 31 (before playoffs),23%,4%
6%,49%,L.A. Rams,Dec. 31 (before playoffs),15%,3%
5%,35%,Carolina,Dec. 31 (before playoffs),12%,2%
4%,59%,Jacksonville,Dec. 31 (before playoffs),14%,1%
2%,41%,Buffalo,Dec. 31 (before playoffs),8%,<1%
1%,25%,Tennessee,Dec. 31 (before playoffs),5%,<1%
0%,0%,Dallas,Dec. 31 (before playoffs),0%,0%
0%,0%,Seattle,Dec. 31 (before playoffs),0%,0%
0%,0%,L.A. Chargers,Dec. 31 (before playoffs),0%,0%
0%,0%,Baltimore,Dec. 31 (before playoffs),0%,0%
0%,0%,Detroit,Dec. 31 (before playoffs),0%,0%
0%,0%,Arizona,Dec. 31 (before playoffs),0%,0%
0%,0%,Cincinnati,Dec. 31 (before playoffs),0%,0%
0%,0%,Green Bay,Dec. 31 (before playoffs),0%,0%
0%,0%,Washington,Dec. 31 (before playoffs),0%,0%
0%,0%,Tampa Bay,Dec. 31 (before playoffs),0%,0%
0%,0%,San Francisco,Dec. 31 (before playoffs),0%,0%
0%,0%,Oakland,Dec. 31 (before playoffs),0%,0%
0%,0%,Denver,Dec. 31 (before playoffs),0%,0%
0%,0%,Miami,Dec. 31 (before playoffs),0%,0%
0%,0%,Chicago,Dec. 31 (before playoffs),0%,0%
0%,0%,N.Y. Jets,Dec. 31 (before playoffs),0%,0%
0%,0%,N.Y. Giants,Dec. 31 (before playoffs),0%,0%
0%,0%,Indianapolis,Dec. 31 (before playoffs),0%,0%
0%,0%,Houston,Dec. 31 (before playoffs),0%,0%
0%,0%,Cleveland,Dec. 31 (before playoffs),0%,0%
100%,100%,New England,Dec. 25 (before Week 17),100%,28%
100%,100%,Philadelphia,Dec. 25 (before Week 17),100%,19%
100%,100%,Pittsburgh,Dec. 25 (before Week 17),100%,13%
>99%,100%,Minnesota,Dec. 25 (before Week 17),100%,16%
0%,100%,New Orleans,Dec. 25 (before Week 17),90%,6%
0%,100%,L.A. Rams,Dec. 25 (before Week 17),100%,5%
0%,70%,Atlanta,Dec. 25 (before Week 17),0%,2%
0%,100%,Kansas City,Dec. 25 (before Week 17),100%,3%
<1%,100%,Carolina,Dec. 25 (before Week 17),10%,2%
0%,30%,Seattle,Dec. 25 (before Week 17),0%,<1%
0%,94%,Baltimore,Dec. 25 (before Week 17),0%,2%
0%,31%,L.A. Chargers,Dec. 25 (before Week 17),0%,<1%
0%,0%,Dallas,Dec. 25 (before Week 17),0%,0%
0%,100%,Jacksonville,Dec. 25 (before Week 17),100%,2%
0%,0%,Detroit,Dec. 25 (before Week 17),0%,0%
0%,17%,Buffalo,Dec. 25 (before Week 17),0%,<1%
0%,0%,Washington,Dec. 25 (before Week 17),0%,0%
0%,0%,Green Bay,Dec. 25 (before Week 17),0%,0%
0%,58%,Tennessee,Dec. 25 (before Week 17),0%,<1%
0%,0%,Oakland,Dec. 25 (before Week 17),0%,0%
0%,0%,Arizona,Dec. 25 (before Week 17),0%,0%
0%,0%,Miami,Dec. 25 (before Week 17),0%,0%
0%,0%,Denver,Dec. 25 (before Week 17),0%,0%
0%,0%,Cincinnati,Dec. 25 (before Week 17),0%,0%
0%,0%,Chicago,Dec. 25 (before Week 17),0%,0%
0%,0%,Tampa Bay,Dec. 25 (before Week 17),0%,0%
0%,0%,N.Y. Jets,Dec. 25 (before Week 17),0%,0%
0%,0%,San Francisco,Dec. 25 (before Week 17),0%,0%
0%,0%,Houston,Dec. 25 (before Week 17),0%,0%
0%,0%,Indianapolis,Dec. 25 (before Week 17),0%,0%
0%,0%,N.Y. Giants,Dec. 25 (before Week 17),0%,0%
0%,0%,Cleveland,Dec. 25 (before Week 17),0%,0%
92%,100%,New England,Dec. 18 (before Week 16),100%,27%
100%,100%,Philadelphia,Dec. 18 (before Week 16),100%,19%
89%,100%,Pittsburgh,Dec. 18 (before Week 16),100%,13%
91%,100%,Minnesota,Dec. 18 (before Week 16),100%,14%
1%,94%,New Orleans,Dec. 18 (before Week 16),56%,5%
0%,84%,Atlanta,Dec. 18 (before Week 16),27%,4%
4%,99%,L.A. Rams,Dec. 18 (before Week 16),98%,5%
4%,94%,Carolina,Dec. 18 (before Week 16),17%,3%
0%,96%,Kansas City,Dec. 18 (before Week 16),96%,3%
0%,87%,Baltimore,Dec. 18 (before Week 16),0%,2%
19%,100%,Jacksonville,Dec. 18 (before Week 16),94%,4%
0%,5%,Dallas,Dec. 18 (before Week 16),0%,<1%
0%,10%,Seattle,Dec. 18 (before Week 16),2%,<1%
0%,14%,Detroit,Dec. 18 (before Week 16),0%,<1%
0%,15%,L.A. Chargers,Dec. 18 (before Week 16),4%,<1%
0%,36%,Buffalo,Dec. 18 (before Week 16),0%,<1%
0%,0%,Green Bay,Dec. 18 (before Week 16),0%,0%
0%,63%,Tennessee,Dec. 18 (before Week 16),6%,<1%
0%,<1%,Oakland,Dec. 18 (before Week 16),0%,<1%
0%,0%,Washington,Dec. 18 (before Week 16),0%,0%
0%,3%,Miami,Dec. 18 (before Week 16),0%,<1%
0%,0%,Denver,Dec. 18 (before Week 16),0%,0%
0%,0%,Arizona,Dec. 18 (before Week 16),0%,0%
0%,0%,Tampa Bay,Dec. 18 (before Week 16),0%,0%
0%,0%,N.Y. Jets,Dec. 18 (before Week 16),0%,0%
0%,0%,Chicago,Dec. 18 (before Week 16),0%,0%
0%,0%,Cincinnati,Dec. 18 (before Week 16),0%,0%
0%,0%,Houston,Dec. 18 (before Week 16),0%,0%
0%,0%,N.Y. Giants,Dec. 18 (before Week 16),0%,0%
0%,0%,San Francisco,Dec. 18 (before Week 16),0%,0%
0%,0%,Indianapolis,Dec. 18 (before Week 16),0%,0%
0%,0%,Cleveland,Dec. 18 (before Week 16),0%,0%
76%,>99%,New England,Dec. 11 (before Week 15),>99%,22%
99%,100%,Philadelphia,Dec. 11 (before Week 15),100%,19%
96%,100%,Pittsburgh,Dec. 11 (before Week 15),100%,17%
5%,92%,New Orleans,Dec. 11 (before Week 15),59%,5%
83%,>99%,Minnesota,Dec. 11 (before Week 15),>99%,13%
1%,66%,Atlanta,Dec. 11 (before Week 15),22%,4%
<1%,57%,Seattle,Dec. 11 (before Week 15),45%,3%
7%,78%,Carolina,Dec. 11 (before Week 15),18%,3%
<1%,74%,Kansas City,Dec. 11 (before Week 15),69%,2%
3%,81%,L.A. Rams,Dec. 11 (before Week 15),55%,3%
0%,81%,Baltimore,Dec. 11 (before Week 15),0%,1%
28%,>99%,Jacksonville,Dec. 11 (before Week 15),69%,3%
<1%,34%,L.A. Chargers,Dec. 11 (before Week 15),29%,<1%
0%,4%,Dallas,Dec. 11 (before Week 15),0%,<1%
<1%,16%,Detroit,Dec. 11 (before Week 15),<1%,<1%
<1%,6%,Green Bay,Dec. 11 (before Week 15),<1%,<1%
<1%,81%,Tennessee,Dec. 11 (before Week 15),31%,<1%
<1%,21%,Buffalo,Dec. 11 (before Week 15),<1%,<1%
0%,3%,Oakland,Dec. 11 (before Week 15),1%,<1%
0%,6%,Miami,Dec. 11 (before Week 15),0%,<1%
0%,<1%,Arizona,Dec. 11 (before Week 15),0%,<1%
0%,0%,Washington,Dec. 11 (before Week 15),0%,0%
0%,0%,Tampa Bay,Dec. 11 (before Week 15),0%,0%
0%,0%,Denver,Dec. 11 (before Week 15),0%,0%
0%,<1%,N.Y. Jets,Dec. 11 (before Week 15),0%,<1%
0%,0%,Chicago,Dec. 11 (before Week 15),0%,0%
0%,<1%,Cincinnati,Dec. 11 (before Week 15),0%,<1%
0%,0%,Houston,Dec. 11 (before Week 15),0%,0%
0%,0%,Indianapolis,Dec. 11 (before Week 15),0%,0%
0%,0%,N.Y. Giants,Dec. 11 (before Week 15),0%,0%
0%,0%,San Francisco,Dec. 11 (before Week 15),0%,0%
0%,0%,Cleveland,Dec. 11 (before Week 15),0%,0%
96%,>99%,New England,Dec. 4 (before Week 14),>99%,29%
93%,>99%,Pittsburgh,Dec. 4 (before Week 14),>99%,15%
87%,>99%,Minnesota,Dec. 4 (before Week 14),>99%,17%
67%,>99%,Philadelphia,Dec. 4 (before Week 14),>99%,12%
19%,96%,New Orleans,Dec. 4 (before Week 14),78%,8%
4%,80%,Seattle,Dec. 4 (before Week 14),46%,4%
<1%,46%,Atlanta,Dec. 4 (before Week 14),14%,2%
21%,95%,L.A. Rams,Dec. 4 (before Week 14),54%,4%
<1%,85%,Baltimore,Dec. 4 (before Week 14),<1%,2%
2%,62%,Carolina,Dec. 4 (before Week 14),8%,2%
<1%,62%,Kansas City,Dec. 4 (before Week 14),59%,2%
10%,97%,Jacksonville,Dec. 4 (before Week 14),45%,2%
<1%,29%,L.A. Chargers,Dec. 4 (before Week 14),26%,<1%
<1%,5%,Dallas,Dec. 4 (before Week 14),<1%,<1%
2%,92%,Tennessee,Dec. 4 (before Week 14),55%,1%
<1%,10%,Detroit,Dec. 4 (before Week 14),<1%,<1%
<1%,7%,Green Bay,Dec. 4 (before Week 14),<1%,<1%
<1%,16%,Oakland,Dec. 4 (before Week 14),15%,<1%
<1%,15%,Buffalo,Dec. 4 (before Week 14),<1%,<1%
0%,<1%,Washington,Dec. 4 (before Week 14),0%,<1%
0%,1%,Cincinnati,Dec. 4 (before Week 14),0%,<1%
0%,<1%,N.Y. Jets,Dec. 4 (before Week 14),0%,<1%
0%,<1%,Tampa Bay,Dec. 4 (before Week 14),0%,<1%
0%,1%,Miami,Dec. 4 (before Week 14),0%,<1%
0%,<1%,Houston,Dec. 4 (before Week 14),0%,<1%
0%,<1%,Arizona,Dec. 4 (before Week 14),0%,<1%
0%,<1%,Denver,Dec. 4 (before Week 14),0%,<1%
0%,0%,N.Y. Giants,Dec. 4 (before Week 14),0%,0%
0%,<1%,Indianapolis,Dec. 4 (before Week 14),0%,<1%
0%,0%,Chicago,Dec. 4 (before Week 14),0%,0%
0%,0%,San Francisco,Dec. 4 (before Week 14),0%,0%
0%,0%,Cleveland,Dec. 4 (before Week 14),0%,0%
91%,>99%,New England,Nov. 27 (before Week 13),98%,28%
87%,>99%,Philadelphia,Nov. 27 (before Week 13),>99%,17%
87%,>99%,Pittsburgh,Nov. 27 (before Week 13),96%,14%
10%,66%,Atlanta,Nov. 27 (before Week 13),20%,5%
61%,98%,Minnesota,Nov. 27 (before Week 13),96%,12%
16%,87%,New Orleans,Nov. 27 (before Week 13),56%,6%
3%,60%,Seattle,Nov. 27 (before Week 13),44%,3%
2%,79%,Kansas City,Nov. 27 (before Week 13),74%,3%
11%,73%,Carolina,Nov. 27 (before Week 13),24%,3%
12%,80%,L.A. Rams,Nov. 27 (before Week 13),55%,3%
1%,69%,Baltimore,Nov. 27 (before Week 13),4%,1%
<1%,23%,Detroit,Nov. 27 (before Week 13),3%,<1%
<1%,26%,L.A. Chargers,Nov. 27 (before Week 13),17%,<1%
13%,91%,Jacksonville,Nov. 27 (before Week 13),46%,2%
<1%,3%,Dallas,Nov. 27 (before Week 13),<1%,<1%
4%,82%,Tennessee,Nov. 27 (before Week 13),53%,1%
1%,31%,Buffalo,Nov. 27 (before Week 13),2%,<1%
<1%,5%,Green Bay,Nov. 27 (before Week 13),<1%,<1%
0%,3%,Washington,Nov. 27 (before Week 13),0%,<1%
<1%,10%,Oakland,Nov. 27 (before Week 13),8%,<1%
<1%,8%,Cincinnati,Nov. 27 (before Week 13),<1%,<1%
<1%,<1%,Tampa Bay,Nov. 27 (before Week 13),<1%,<1%
<1%,2%,Arizona,Nov. 27 (before Week 13),<1%,<1%
<1%,2%,Houston,Nov. 27 (before Week 13),<1%,<1%
<1%,<1%,N.Y. Jets,Nov. 27 (before Week 13),<1%,<1%
0%,<1%,Denver,Nov. 27 (before Week 13),<1%,<1%
<1%,1%,Miami,Nov. 27 (before Week 13),<1%,<1%
0%,0%,N.Y. Giants,Nov. 27 (before Week 13),0%,0%
0%,<1%,Indianapolis,Nov. 27 (before Week 13),<1%,<1%
0%,<1%,Chicago,Nov. 27 (before Week 13),0%,<1%
0%,0%,San Francisco,Nov. 27 (before Week 13),0%,0%
0%,0%,Cleveland,Nov. 27 (before Week 13),0%,0%
83%,>99%,New England,Nov. 20 (before Week 12),99%,26%
84%,>99%,Philadelphia,Nov. 20 (before Week 12),99%,16%
43%,93%,New Orleans,Nov. 20 (before Week 12),69%,11%
73%,>99%,Pittsburgh,Nov. 20 (before Week 12),96%,13%
9%,57%,Atlanta,Nov. 20 (before Week 12),16%,5%
15%,94%,Kansas City,Nov. 20 (before Week 12),91%,6%
40%,90%,Minnesota,Nov. 20 (before Week 12),74%,8%
3%,58%,Seattle,Nov. 20 (before Week 12),50%,3%
9%,61%,Carolina,Nov. 20 (before Week 12),16%,2%
3%,51%,Detroit,Nov. 20 (before Week 12),24%,2%
<1%,13%,Dallas,Nov. 20 (before Week 12),1%,<1%
9%,64%,L.A. Rams,Nov. 20 (before Week 12),49%,2%
25%,96%,Jacksonville,Nov. 20 (before Week 12),66%,3%
<1%,65%,Baltimore,Nov. 20 (before Week 12),4%,1%
<1%,9%,Green Bay,Nov. 20 (before Week 12),2%,<1%
<1%,13%,L.A. Chargers,Nov. 20 (before Week 12),5%,<1%
2%,73%,Tennessee,Nov. 20 (before Week 12),32%,<1%
<1%,2%,Washington,Nov. 20 (before Week 12),<1%,<1%
<1%,9%,Oakland,Nov. 20 (before Week 12),4%,<1%
<1%,2%,Tampa Bay,Nov. 20 (before Week 12),<1%,<1%
<1%,11%,Cincinnati,Nov. 20 (before Week 12),<1%,<1%
<1%,17%,Buffalo,Nov. 20 (before Week 12),1%,<1%
<1%,11%,Houston,Nov. 20 (before Week 12),2%,<1%
<1%,4%,N.Y. Jets,Nov. 20 (before Week 12),<1%,<1%
<1%,2%,Arizona,Nov. 20 (before Week 12),1%,<1%
<1%,2%,Denver,Nov. 20 (before Week 12),<1%,<1%
0%,<1%,N.Y. Giants,Nov. 20 (before Week 12),0%,<1%
<1%,3%,Miami,Nov. 20 (before Week 12),<1%,<1%
<1%,3%,Indianapolis,Nov. 20 (before Week 12),<1%,<1%
<1%,<1%,Chicago,Nov. 20 (before Week 12),<1%,<1%
0%,<1%,San Francisco,Nov. 20 (before Week 12),0%,<1%
0%,<1%,Cleveland,Nov. 20 (before Week 12),0%,<1%
69%,>99%,New England,Nov. 13 (before Week 11),95%,23%
45%,88%,New Orleans,Nov. 13 (before Week 11),69%,11%
39%,97%,Kansas City,Nov. 13 (before Week 11),94%,10%
64%,>99%,Pittsburgh,Nov. 13 (before Week 11),97%,12%
64%,95%,Philadelphia,Nov. 13 (before Week 11),86%,12%
6%,39%,Atlanta,Nov. 13 (before Week 11),12%,3%
16%,67%,Seattle,Nov. 13 (before Week 11),51%,5%
30%,77%,Minnesota,Nov. 13 (before Week 11),63%,7%
3%,33%,Dallas,Nov. 13 (before Week 11),14%,2%
22%,71%,L.A. Rams,Nov. 13 (before Week 11),47%,4%
9%,56%,Carolina,Nov. 13 (before Week 11),18%,2%
3%,40%,Detroit,Nov. 13 (before Week 11),26%,2%
1%,25%,Green Bay,Nov. 13 (before Week 11),11%,<1%
19%,93%,Jacksonville,Nov. 13 (before Week 11),56%,3%
7%,78%,Tennessee,Nov. 13 (before Week 11),42%,1%
1%,36%,Buffalo,Nov. 13 (before Week 11),4%,<1%
<1%,39%,Baltimore,Nov. 13 (before Week 11),3%,<1%
<1%,14%,Oakland,Nov. 13 (before Week 11),3%,<1%
<1%,4%,Washington,Nov. 13 (before Week 11),<1%,<1%
<1%,3%,Arizona,Nov. 13 (before Week 11),2%,<1%
<1%,8%,Denver,Nov. 13 (before Week 11),1%,<1%
<1%,7%,L.A. Chargers,Nov. 13 (before Week 11),1%,<1%
<1%,3%,N.Y. Jets,Nov. 13 (before Week 11),<1%,<1%
<1%,7%,Cincinnati,Nov. 13 (before Week 11),<1%,<1%
<1%,<1%,Tampa Bay,Nov. 13 (before Week 11),<1%,<1%
<1%,8%,Houston,Nov. 13 (before Week 11),2%,<1%
<1%,11%,Miami,Nov. 13 (before Week 11),<1%,<1%
<1%,3%,Indianapolis,Nov. 13 (before Week 11),<1%,<1%
<1%,<1%,Chicago,Nov. 13 (before Week 11),<1%,<1%
0%,<1%,N.Y. Giants,Nov. 13 (before Week 11),<1%,<1%
0%,<1%,San Francisco,Nov. 13 (before Week 11),0%,<1%
<1%,<1%,Cleveland,Nov. 13 (before Week 11),<1%,<1%
61%,96%,New England,Nov. 6 (before Week 10),86%,21%
45%,96%,Kansas City,Nov. 6 (before Week 10),92%,11%
65%,95%,Philadelphia,Nov. 6 (before Week 10),78%,13%
60%,97%,Pittsburgh,Nov. 6 (before Week 10),95%,12%
13%,54%,Dallas,Nov. 6 (before Week 10),22%,5%
38%,80%,New Orleans,Nov. 6 (before Week 10),63%,9%
6%,33%,Atlanta,Nov. 6 (before Week 10),14%,3%
13%,57%,Seattle,Nov. 6 (before Week 10),44%,4%
25%,68%,Minnesota,Nov. 6 (before Week 10),57%,6%
23%,67%,L.A. Rams,Nov. 6 (before Week 10),48%,4%
4%,43%,Detroit,Nov. 6 (before Week 10),31%,2%
10%,52%,Carolina,Nov. 6 (before Week 10),23%,2%
5%,50%,Buffalo,Nov. 6 (before Week 10),11%,2%
2%,21%,Green Bay,Nov. 6 (before Week 10),10%,<1%
20%,83%,Jacksonville,Nov. 6 (before Week 10),56%,3%
<1%,14%,Washington,Nov. 6 (before Week 10),<1%,<1%
7%,62%,Tennessee,Nov. 6 (before Week 10),39%,1%
<1%,33%,Baltimore,Nov. 6 (before Week 10),4%,<1%
<1%,11%,Oakland,Nov. 6 (before Week 10),3%,<1%
<1%,13%,Arizona,Nov. 6 (before Week 10),9%,<1%
<1%,12%,Denver,Nov. 6 (before Week 10),2%,<1%
<1%,8%,N.Y. Jets,Nov. 6 (before Week 10),<1%,<1%
<1%,10%,L.A. Chargers,Nov. 6 (before Week 10),2%,<1%
<1%,12%,Cincinnati,Nov. 6 (before Week 10),1%,<1%
<1%,11%,Houston,Nov. 6 (before Week 10),4%,<1%
<1%,14%,Miami,Nov. 6 (before Week 10),3%,<1%
<1%,<1%,Tampa Bay,Nov. 6 (before Week 10),<1%,<1%
<1%,3%,Chicago,Nov. 6 (before Week 10),2%,<1%
<1%,<1%,N.Y. Giants,Nov. 6 (before Week 10),<1%,<1%
<1%,5%,Indianapolis,Nov. 6 (before Week 10),1%,<1%
0%,<1%,San Francisco,Nov. 6 (before Week 10),<1%,<1%
<1%,<1%,Cleveland,Nov. 6 (before Week 10),<1%,<1%
52%,95%,New England,Oct. 30 (before Week 9),75%,18%
60%,97%,Kansas City,Oct. 30 (before Week 9),95%,16%
54%,96%,Pittsburgh,Oct. 30 (before Week 9),90%,11%
59%,93%,Philadelphia,Oct. 30 (before Week 9),81%,10%
35%,82%,Seattle,Oct. 30 (before Week 9),71%,8%
15%,54%,Atlanta,Oct. 30 (before Week 9),28%,5%
31%,76%,New Orleans,Oct. 30 (before Week 9),54%,7%
8%,41%,Dallas,Oct. 30 (before Week 9),18%,3%
24%,71%,Minnesota,Oct. 30 (before Week 9),55%,6%
12%,63%,Buffalo,Oct. 30 (before Week 9),21%,3%
9%,49%,Green Bay,Oct. 30 (before Week 9),29%,3%
6%,40%,Carolina,Oct. 30 (before Week 9),17%,2%
11%,49%,L.A. Rams,Oct. 30 (before Week 9),23%,2%
1%,22%,Detroit,Oct. 30 (before Week 9),14%,<1%
11%,65%,Jacksonville,Oct. 30 (before Week 9),47%,2%
2%,39%,Baltimore,Oct. 30 (before Week 9),7%,<1%
<1%,14%,Denver,Oct. 30 (before Week 9),3%,<1%
1%,28%,Houston,Oct. 30 (before Week 9),17%,<1%
<1%,19%,Cincinnati,Oct. 30 (before Week 9),3%,<1%
<1%,7%,Washington,Oct. 30 (before Week 9),<1%,<1%
4%,47%,Tennessee,Oct. 30 (before Week 9),35%,<1%
2%,21%,Miami,Oct. 30 (before Week 9),4%,<1%
<1%,4%,Oakland,Oct. 30 (before Week 9),1%,<1%
<1%,7%,L.A. Chargers,Oct. 30 (before Week 9),1%,<1%
<1%,10%,Arizona,Oct. 30 (before Week 9),6%,<1%
<1%,<1%,N.Y. Giants,Oct. 30 (before Week 9),<1%,<1%
<1%,2%,Tampa Bay,Oct. 30 (before Week 9),<1%,<1%
<1%,2%,N.Y. Jets,Oct. 30 (before Week 9),<1%,<1%
<1%,3%,Chicago,Oct. 30 (before Week 9),2%,<1%
<1%,1%,Indianapolis,Oct. 30 (before Week 9),<1%,<1%
<1%,<1%,San Francisco,Oct. 30 (before Week 9),<1%,<1%
<1%,<1%,Cleveland,Oct. 30 (before Week 9),<1%,<1%
52%,92%,New England,Oct. 23 (before Week 8),73%,18%
57%,93%,Kansas City,Oct. 23 (before Week 8),87%,15%
62%,94%,Philadelphia,Oct. 23 (before Week 8),85%,11%
46%,93%,Pittsburgh,Oct. 23 (before Week 8),88%,9%
34%,79%,Seattle,Oct. 23 (before Week 8),67%,8%
29%,73%,New Orleans,Oct. 23 (before Week 8),56%,7%
13%,47%,Atlanta,Oct. 23 (before Week 8),28%,4%
10%,50%,Green Bay,Oct. 23 (before Week 8),29%,3%
5%,28%,Dallas,Oct. 23 (before Week 8),12%,2%
23%,67%,Minnesota,Oct. 23 (before Week 8),46%,5%
10%,49%,Buffalo,Oct. 23 (before Week 8),17%,3%
5%,36%,Detroit,Oct. 23 (before Week 8),23%,2%
12%,52%,L.A. Rams,Oct. 23 (before Week 8),27%,2%
6%,39%,Miami,Oct. 23 (before Week 8),10%,2%
2%,22%,Washington,Oct. 23 (before Week 8),3%,<1%
4%,27%,Carolina,Oct. 23 (before Week 8),12%,1%
2%,20%,Denver,Oct. 23 (before Week 8),7%,<1%
13%,63%,Jacksonville,Oct. 23 (before Week 8),43%,2%
4%,35%,Houston,Oct. 23 (before Week 8),22%,1%
<1%,10%,Oakland,Oct. 23 (before Week 8),3%,<1%
<1%,16%,Cincinnati,Oct. 23 (before Week 8),5%,<1%
6%,47%,Tennessee,Oct. 23 (before Week 8),34%,1%
<1%,11%,L.A. Chargers,Oct. 23 (before Week 8),3%,<1%
<1%,8%,Tampa Bay,Oct. 23 (before Week 8),4%,<1%
2%,24%,Baltimore,Oct. 23 (before Week 8),7%,<1%
<1%,11%,Arizona,Oct. 23 (before Week 8),6%,<1%
<1%,<1%,N.Y. Giants,Oct. 23 (before Week 8),<1%,<1%
<1%,6%,N.Y. Jets,Oct. 23 (before Week 8),<1%,<1%
<1%,6%,Chicago,Oct. 23 (before Week 8),3%,<1%
<1%,3%,Indianapolis,Oct. 23 (before Week 8),1%,<1%
<1%,<1%,San Francisco,Oct. 23 (before Week 8),<1%,<1%
<1%,<1%,Cleveland,Oct. 23 (before Week 8),<1%,<1%
47%,88%,New England,Oct. 16 (before Week 7),70%,16%
72%,95%,Kansas City,Oct. 16 (before Week 7),87%,18%
21%,57%,Atlanta,Oct. 16 (before Week 7),38%,7%
55%,88%,Philadelphia,Oct. 16 (before Week 7),76%,9%
36%,84%,Pittsburgh,Oct. 16 (before Week 7),74%,7%
28%,69%,Green Bay,Oct. 16 (before Week 7),48%,6%
22%,65%,Seattle,Oct. 16 (before Week 7),56%,6%
15%,50%,New Orleans,Oct. 16 (before Week 7),32%,4%
17%,56%,Minnesota,Oct. 16 (before Week 7),31%,4%
4%,22%,Dallas,Oct. 16 (before Week 7),11%,2%
12%,45%,Carolina,Oct. 16 (before Week 7),25%,3%
6%,37%,Denver,Oct. 16 (before Week 7),11%,2%
10%,45%,Buffalo,Oct. 16 (before Week 7),18%,2%
6%,34%,Detroit,Oct. 16 (before Week 7),20%,2%
6%,32%,Washington,Oct. 16 (before Week 7),11%,2%
5%,32%,Miami,Oct. 16 (before Week 7),10%,1%
4%,32%,Arizona,Oct. 16 (before Week 7),23%,1%
4%,38%,Houston,Oct. 16 (before Week 7),28%,1%
3%,27%,Cincinnati,Oct. 16 (before Week 7),14%,<1%
<1%,4%,N.Y. Giants,Oct. 16 (before Week 7),1%,<1%
<1%,6%,Oakland,Oct. 16 (before Week 7),1%,<1%
7%,33%,L.A. Rams,Oct. 16 (before Week 7),20%,1%
3%,32%,Baltimore,Oct. 16 (before Week 7),12%,<1%
1%,10%,Tampa Bay,Oct. 16 (before Week 7),6%,<1%
4%,42%,Tennessee,Oct. 16 (before Week 7),33%,<1%
6%,43%,Jacksonville,Oct. 16 (before Week 7),31%,<1%
<1%,13%,N.Y. Jets,Oct. 16 (before Week 7),2%,<1%
<1%,6%,L.A. Chargers,Oct. 16 (before Week 7),<1%,<1%
<1%,12%,Indianapolis,Oct. 16 (before Week 7),7%,<1%
<1%,2%,Chicago,Oct. 16 (before Week 7),1%,<1%
<1%,<1%,San Francisco,Oct. 16 (before Week 7),<1%,<1%
<1%,<1%,Cleveland,Oct. 16 (before Week 7),<1%,<1%
81%,97%,Kansas City,Oct. 9 (before Week 6),85%,24%
39%,79%,New England,Oct. 9 (before Week 6),64%,12%
34%,72%,Atlanta,Oct. 9 (before Week 6),48%,9%
45%,81%,Green Bay,Oct. 9 (before Week 6),63%,10%
11%,58%,Denver,Oct. 9 (before Week 6),14%,4%
21%,70%,Seattle,Oct. 9 (before Week 6),63%,5%
35%,78%,Philadelphia,Oct. 9 (before Week 6),67%,6%
15%,61%,Pittsburgh,Oct. 9 (before Week 6),50%,3%
21%,60%,Carolina,Oct. 9 (before Week 6),31%,4%
11%,46%,Detroit,Oct. 9 (before Week 6),23%,3%
4%,25%,Dallas,Oct. 9 (before Week 6),16%,2%
8%,34%,New Orleans,Oct. 9 (before Week 6),15%,2%
11%,44%,Buffalo,Oct. 9 (before Week 6),23%,2%
6%,32%,Washington,Oct. 9 (before Week 6),16%,2%
7%,34%,Minnesota,Oct. 9 (before Week 6),14%,2%
9%,52%,Baltimore,Oct. 9 (before Week 6),34%,2%
16%,61%,Jacksonville,Oct. 9 (before Week 6),48%,2%
3%,26%,Cincinnati,Oct. 9 (before Week 6),16%,<1%
3%,15%,Tampa Bay,Oct. 9 (before Week 6),6%,<1%
<1%,12%,Oakland,Oct. 9 (before Week 6),1%,<1%
3%,30%,Houston,Oct. 9 (before Week 6),20%,<1%
2%,28%,Arizona,Oct. 9 (before Week 6),23%,<1%
2%,16%,Miami,Oct. 9 (before Week 6),6%,<1%
3%,18%,N.Y. Jets,Oct. 9 (before Week 6),7%,<1%
3%,19%,Indianapolis,Oct. 9 (before Week 6),13%,<1%
3%,26%,Tennessee,Oct. 9 (before Week 6),19%,<1%
3%,22%,L.A. Rams,Oct. 9 (before Week 6),14%,<1%
<1%,1%,N.Y. Giants,Oct. 9 (before Week 6),<1%,<1%
<1%,2%,L.A. Chargers,Oct. 9 (before Week 6),<1%,<1%
<1%,1%,Chicago,Oct. 9 (before Week 6),<1%,<1%
<1%,<1%,San Francisco,Oct. 9 (before Week 6),<1%,<1%
<1%,<1%,Cleveland,Oct. 9 (before Week 6),<1%,<1%
68%,93%,Kansas City,Oct. 2 (before Week 5),76%,21%
26%,69%,New England,Oct. 2 (before Week 5),51%,9%
37%,73%,Atlanta,Oct. 2 (before Week 5),52%,10%
41%,86%,Pittsburgh,Oct. 2 (before Week 5),80%,9%
31%,69%,Green Bay,Oct. 2 (before Week 5),48%,8%
14%,60%,Denver,Oct. 2 (before Week 5),18%,4%
25%,63%,Detroit,Oct. 2 (before Week 5),39%,5%
16%,52%,Seattle,Oct. 2 (before Week 5),43%,4%
11%,40%,Dallas,Oct. 2 (before Week 5),27%,3%
25%,64%,Philadelphia,Oct. 2 (before Week 5),52%,4%
19%,60%,Buffalo,Oct. 2 (before Week 5),37%,4%
8%,34%,New Orleans,Oct. 2 (before Week 5),16%,2%
13%,43%,Carolina,Oct. 2 (before Week 5),21%,3%
4%,30%,Oakland,Oct. 2 (before Week 5),5%,1%
7%,32%,Washington,Oct. 2 (before Week 5),18%,2%
7%,38%,Arizona,Oct. 2 (before Week 5),30%,2%
5%,22%,Tampa Bay,Oct. 2 (before Week 5),11%,1%
6%,27%,Minnesota,Oct. 2 (before Week 5),11%,2%
7%,42%,Houston,Oct. 2 (before Week 5),32%,1%
2%,16%,Cincinnati,Oct. 2 (before Week 5),8%,<1%
<1%,4%,N.Y. Giants,Oct. 2 (before Week 5),2%,<1%
6%,39%,Tennessee,Oct. 2 (before Week 5),31%,<1%
2%,15%,N.Y. Jets,Oct. 2 (before Week 5),6%,<1%
2%,12%,Miami,Oct. 2 (before Week 5),5%,<1%
3%,26%,Baltimore,Oct. 2 (before Week 5),12%,<1%
8%,35%,L.A. Rams,Oct. 2 (before Week 5),26%,1%
2%,18%,Indianapolis,Oct. 2 (before Week 5),13%,<1%
4%,31%,Jacksonville,Oct. 2 (before Week 5),23%,<1%
<1%,1%,L.A. Chargers,Oct. 2 (before Week 5),<1%,<1%
<1%,3%,Chicago,Oct. 2 (before Week 5),1%,<1%
<1%,<1%,San Francisco,Oct. 2 (before Week 5),<1%,<1%
<1%,<1%,Cleveland,Oct. 2 (before Week 5),<1%,<1%
63%,91%,Kansas City,Sept. 25 (before Week 4),74%,18%
42%,82%,New England,Sept. 25 (before Week 4),70%,14%
59%,87%,Atlanta,Sept. 25 (before Week 4),74%,15%
26%,64%,Green Bay,Sept. 25 (before Week 4),44%,6%
27%,73%,Pittsburgh,Sept. 25 (before Week 4),63%,6%
24%,61%,Dallas,Sept. 25 (before Week 4),42%,6%
10%,47%,Denver,Sept. 25 (before Week 4),15%,3%
18%,55%,Philadelphia,Sept. 25 (before Week 4),35%,3%
15%,48%,Detroit,Sept. 25 (before Week 4),28%,3%
8%,40%,Oakland,Sept. 25 (before Week 4),11%,2%
10%,48%,Seattle,Sept. 25 (before Week 4),43%,3%
14%,46%,Minnesota,Sept. 25 (before Week 4),26%,3%
9%,37%,Washington,Sept. 25 (before Week 4),19%,2%
8%,36%,Buffalo,Sept. 25 (before Week 4),17%,2%
6%,28%,Carolina,Sept. 25 (before Week 4),10%,1%
4%,24%,New Orleans,Sept. 25 (before Week 4),9%,1%
6%,43%,Arizona,Sept. 25 (before Week 4),38%,2%
4%,20%,Tampa Bay,Sept. 25 (before Week 4),8%,1%
13%,54%,Tennessee,Sept. 25 (before Week 4),44%,2%
3%,21%,Miami,Sept. 25 (before Week 4),8%,<1%
9%,43%,Baltimore,Sept. 25 (before Week 4),30%,1%
<1%,8%,N.Y. Giants,Sept. 25 (before Week 4),3%,<1%
4%,24%,Houston,Sept. 25 (before Week 4),16%,<1%
4%,24%,Indianapolis,Sept. 25 (before Week 4),16%,<1%
1%,11%,N.Y. Jets,Sept. 25 (before Week 4),4%,<1%
7%,38%,Jacksonville,Sept. 25 (before Week 4),25%,<1%
<1%,11%,Cincinnati,Sept. 25 (before Week 4),6%,<1%
3%,23%,L.A. Rams,Sept. 25 (before Week 4),19%,<1%
<1%,2%,L.A. Chargers,Sept. 25 (before Week 4),<1%,<1%
<1%,6%,Chicago,Sept. 25 (before Week 4),3%,<1%
<1%,1%,San Francisco,Sept. 25 (before Week 4),1%,<1%
<1%,1%,Cleveland,Sept. 25 (before Week 4),<1%,<1%
32%,76%,New England,Sept. 18 (before Week 3),66%,12%
46%,83%,Kansas City,Sept. 18 (before Week 3),56%,14%
43%,79%,Atlanta,Sept. 18 (before Week 3),56%,12%
40%,79%,Pittsburgh,Sept. 18 (before Week 3),62%,9%
19%,59%,Denver,Sept. 18 (before Week 3),25%,5%
21%,59%,Green Bay,Sept. 18 (before Week 3),40%,5%
14%,49%,Oakland,Sept. 18 (before Week 3),18%,4%
15%,49%,Dallas,Sept. 18 (before Week 3),37%,4%
19%,55%,Carolina,Sept. 18 (before Week 3),27%,4%
19%,57%,Seattle,Sept. 18 (before Week 3),46%,4%
25%,61%,Detroit,Sept. 18 (before Week 3),41%,5%
20%,60%,Baltimore,Sept. 18 (before Week 3),34%,3%
14%,49%,Philadelphia,Sept. 18 (before Week 3),37%,3%
16%,55%,Arizona,Sept. 18 (before Week 3),42%,3%
8%,31%,Tampa Bay,Sept. 18 (before Week 3),13%,2%
8%,34%,Miami,Sept. 18 (before Week 3),19%,2%
8%,34%,Minnesota,Sept. 18 (before Week 3),18%,2%
5%,27%,Washington,Sept. 18 (before Week 3),17%,1%
4%,21%,Buffalo,Sept. 18 (before Week 3),11%,<1%
2%,14%,N.Y. Giants,Sept. 18 (before Week 3),9%,<1%
6%,43%,Tennessee,Sept. 18 (before Week 3),38%,1%
5%,32%,Houston,Sept. 18 (before Week 3),27%,<1%
1%,10%,New Orleans,Sept. 18 (before Week 3),3%,<1%
3%,24%,Indianapolis,Sept. 18 (before Week 3),20%,<1%
1%,10%,Cincinnati,Sept. 18 (before Week 3),3%,<1%
<1%,6%,N.Y. Jets,Sept. 18 (before Week 3),3%,<1%
<1%,4%,L.A. Chargers,Sept. 18 (before Week 3),<1%,<1%
2%,15%,L.A. Rams,Sept. 18 (before Week 3),10%,<1%
2%,19%,Jacksonville,Sept. 18 (before Week 3),15%,<1%
<1%,3%,Chicago,Sept. 18 (before Week 3),1%,<1%
<1%,3%,San Francisco,Sept. 18 (before Week 3),2%,<1%
<1%,2%,Cleveland,Sept. 18 (before Week 3),<1%,<1%
46%,80%,Kansas City,Sept. 12 (before Week 2),57%,14%
27%,70%,New England,Sept. 12 (before Week 2),58%,10%
34%,70%,Atlanta,Sept. 12 (before Week 2),52%,10%
36%,74%,Pittsburgh,Sept. 12 (before Week 2),56%,8%
31%,69%,Green Bay,Sept. 12 (before Week 2),50%,8%
24%,60%,Dallas,Sept. 12 (before Week 2),44%,6%
14%,47%,Denver,Sept. 12 (before Week 2),21%,4%
16%,55%,Seattle,Sept. 12 (before Week 2),45%,4%
13%,45%,Oakland,Sept. 12 (before Week 2),19%,3%
16%,47%,Carolina,Sept. 12 (before Week 2),26%,4%
17%,51%,Philadelphia,Sept. 12 (before Week 2),34%,4%
20%,58%,Baltimore,Sept. 12 (before Week 2),34%,3%
13%,42%,Detroit,Sept. 12 (before Week 2),23%,3%
13%,43%,Minnesota,Sept. 12 (before Week 2),24%,3%
11%,43%,Arizona,Sept. 12 (before Week 2),33%,2%
6%,27%,N.Y. Giants,Sept. 12 (before Week 2),14%,2%
7%,30%,Miami,Sept. 12 (before Week 2),18%,2%
7%,27%,Tampa Bay,Sept. 12 (before Week 2),14%,2%
7%,31%,Buffalo,Sept. 12 (before Week 2),19%,2%
3%,18%,New Orleans,Sept. 12 (before Week 2),8%,<1%
4%,22%,Cincinnati,Sept. 12 (before Week 2),9%,<1%
3%,15%,Washington,Sept. 12 (before Week 2),7%,<1%
7%,36%,Indianapolis,Sept. 12 (before Week 2),30%,1%
3%,21%,Houston,Sept. 12 (before Week 2),16%,<1%
6%,26%,L.A. Rams,Sept. 12 (before Week 2),19%,<1%
4%,25%,Tennessee,Sept. 12 (before Week 2),21%,<1%
2%,11%,N.Y. Jets,Sept. 12 (before Week 2),6%,<1%
8%,39%,Jacksonville,Sept. 12 (before Week 2),33%,<1%
1%,9%,L.A. Chargers,Sept. 12 (before Week 2),2%,<1%
<1%,4%,Chicago,Sept. 12 (before Week 2),2%,<1%
<1%,4%,San Francisco,Sept. 12 (before Week 2),3%,<1%
<1%,3%,Cleveland,Sept. 12 (before Week 2),1%,<1%
50%,84%,New England,Sept. 7 (preseason),72%,18%
29%,65%,Atlanta,Sept. 7 (preseason),47%,9%
25%,63%,Kansas City,Sept. 7 (preseason),46%,8%
29%,68%,Pittsburgh,Sept. 7 (preseason),52%,7%
26%,63%,Green Bay,Sept. 7 (preseason),50%,7%
25%,63%,Seattle,Sept. 7 (preseason),49%,6%
18%,50%,Dallas,Sept. 7 (preseason),34%,5%
13%,44%,Denver,Sept. 7 (preseason),27%,4%
19%,55%,Arizona,Sept. 7 (preseason),40%,4%
13%,41%,N.Y. Giants,Sept. 7 (preseason),25%,3%
9%,35%,Oakland,Sept. 7 (preseason),20%,2%
12%,39%,Carolina,Sept. 7 (preseason),22%,3%
13%,44%,Cincinnati,Sept. 7 (preseason),26%,2%
15%,50%,Indianapolis,Sept. 7 (preseason),38%,3%
10%,35%,Philadelphia,Sept. 7 (preseason),21%,2%
6%,29%,Miami,Sept. 7 (preseason),12%,2%
7%,27%,Tampa Bay,Sept. 7 (preseason),14%,2%
9%,32%,Washington,Sept. 7 (preseason),19%,2%
10%,41%,Houston,Sept. 7 (preseason),30%,2%
9%,33%,Detroit,Sept. 7 (preseason),21%,2%
8%,29%,New Orleans,Sept. 7 (preseason),16%,2%
10%,37%,Minnesota,Sept. 7 (preseason),24%,2%
9%,37%,Baltimore,Sept. 7 (preseason),20%,2%
4%,22%,Buffalo,Sept. 7 (preseason),9%,1%
7%,32%,Tennessee,Sept. 7 (preseason),22%,1%
3%,17%,N.Y. Jets,Sept. 7 (preseason),7%,<1%
2%,15%,L.A. Chargers,Sept. 7 (preseason),7%,<1%
2%,13%,L.A. Rams,Sept. 7 (preseason),7%,<1%
1%,9%,Chicago,Sept. 7 (preseason),5%,<1%
2%,14%,Jacksonville,Sept. 7 (preseason),9%,<1%
1%,8%,San Francisco,Sept. 7 (preseason),4%,<1%
<1%,5%,Cleveland,Sept. 7 (preseason),2%,<1%
